Price,Adj Close,Adj Close,Adj Close,Close,Close,Close,High,High,High,Low,Low,Low,Open,Open,Open,Volume,Volume,Volume
Ticker,GENIUS21.MX,IVVPESO_ISHRS.MX,WALMEX.MX,GENIUS21.MX,IVVPESO_ISHRS.MX,WALMEX.MX,GENIUS21.MX,IVVPESO_ISHRS.MX,WALMEX.MX,GENIUS21.MX,IVVPESO_ISHRS.MX,WALMEX.MX,GENIUS21.MX,IVVPESO_ISHRS.MX,WALMEX.MX,GENIUS21.MX,IVVPESO_ISHRS.MX,WALMEX.MX
Date,,,,,,,,,,,,,,,,,,
2024-01-02,53.290000915527344,,71.86000061035156,53.290000915527344,,71.86000061035156,53.290000915527344,,71.97000122070312,53.290000915527344,,70.94999694824219,53.290000915527344,,71.5,0.0,,5498962
2024-01-03,52.880001068115234,,69.80000305175781,52.880001068115234,,69.80000305175781,52.880001068115234,,71.51000213623047,52.880001068115234,,69.5999984741211,52.880001068115234,,71.51000213623047,0.0,,20301439
2024-01-04,52.93000030517578,,70.05999755859375,52.93000030517578,,70.05999755859375,52.93000030517578,,70.70999908447266,52.93000030517578,,69.80999755859375,52.93000030517578,,69.87999725341797,0.0,,13305964
2024-01-05,52.91999816894531,,69.54000091552734,52.91999816894531,,69.54000091552734,52.91999816894531,,70.93000030517578,52.91999816894531,,68.87999725341797,52.91999816894531,,70.04000091552734,0.0,,11655778
2024-01-08,54.380001068115234,,70.11000061035156,54.380001068115234,,70.11000061035156,54.380001068115234,,70.37000274658203,54.380001068115234,,69.4800033569336,54.380001068115234,,69.80000305175781,0.0,,7372747
2024-01-09,55.15999984741211,,67.73999786376953,55.15999984741211,,67.73999786376953,55.15999984741211,,70.18000030517578,55.15999984741211,,67.5,55.15999984741211,,70.18000030517578,0.0,,15722867
2024-01-10,56.08000183105469,,69.51000213623047,56.08000183105469,,69.51000213623047,56.08000183105469,,70.19999694824219,56.08000183105469,,67.80999755859375,56.08000183105469,,67.80999755859375,0.0,,24566885
2024-01-11,56.040000915527344,,69.91999816894531,56.040000915527344,,69.91999816894531,56.040000915527344,,70.4000015258789,56.040000915527344,,69.30999755859375,56.040000915527344,,69.41999816894531,0.0,,12640892
2024-01-12,56.11000061035156,,70.9800033569336,56.11000061035156,,70.9800033569336,56.11000061035156,,71.79000091552734,56.11000061035156,,70.12999725341797,56.11000061035156,,70.33000183105469,0.0,,14010515
2024-01-15,56.15999984741211,,70.56999969482422,56.15999984741211,,70.56999969482422,56.15999984741211,,71.08000183105469,56.15999984741211,,70.30999755859375,56.15999984741211,,70.94000244140625,0.0,,967867
2024-01-16,57.709999084472656,,70.20999908447266,57.709999084472656,,70.20999908447266,57.709999084472656,,70.9800033569336,57.709999084472656,,69.91999816894531,57.709999084472656,,70.52999877929688,0.0,,18505327
2024-01-17,57.65999984741211,,68.7300033569336,57.65999984741211,,68.7300033569336,57.65999984741211,,70.54000091552734,57.65999984741211,,68.37000274658203,57.65999984741211,,70.1500015258789,0.0,,18795813
2024-01-18,58.529998779296875,,68.2300033569336,58.529998779296875,,68.2300033569336,58.529998779296875,,69.0,58.529998779296875,,68.16000366210938,58.529998779296875,,69.0,0.0,,16950405
2024-01-19,,,68.36000061035156,,,68.36000061035156,,,68.94000244140625,,,68.30999755859375,,,68.36000061035156,,,12286117
2024-01-22,59.86000061035156,,65.9000015258789,59.86000061035156,,65.9000015258789,59.86000061035156,,68.62999725341797,59.86000061035156,,65.80000305175781,59.86000061035156,,68.51000213623047,0.0,,24218019
2024-01-23,60.720001220703125,,67.37000274658203,60.720001220703125,,67.37000274658203,60.720001220703125,,67.83999633789062,60.720001220703125,,66.0,60.720001220703125,,66.0,0.0,,21288929
2024-01-24,61.810001373291016,,66.5999984741211,61.810001373291016,,66.5999984741211,61.810001373291016,,67.79000091552734,61.810001373291016,,66.51000213623047,61.810001373291016,,67.58999633789062,0.0,,28947584
2024-01-25,62.15999984741211,,69.27999877929688,62.15999984741211,,69.27999877929688,62.15999984741211,,69.51000213623047,62.15999984741211,,66.11000061035156,62.15999984741211,,66.88999938964844,0.0,,31523811
2024-01-26,61.709999084472656,,70.69999694824219,61.709999084472656,,70.69999694824219,61.709999084472656,,70.91999816894531,61.709999084472656,,69.0,61.709999084472656,,69.05999755859375,0.0,,19517706
2024-01-29,62.7400016784668,,70.3499984741211,62.7400016784668,,70.3499984741211,62.7400016784668,,71.0,62.7400016784668,,69.80999755859375,62.7400016784668,,70.69999694824219,0.0,,19177989
2024-01-30,62.13999938964844,,71.91999816894531,62.13999938964844,,71.91999816894531,62.13999938964844,,72.41999816894531,62.13999938964844,,69.80999755859375,62.13999938964844,,70.33999633789062,0.0,,25025649
2024-01-31,61.0099983215332,,71.08999633789062,61.0099983215332,,71.08999633789062,61.0099983215332,,71.91999816894531,61.0099983215332,,70.0999984741211,61.0099983215332,,71.41000366210938,0.0,,18021741
2024-02-01,61.529998779296875,,71.7300033569336,61.529998779296875,,71.7300033569336,61.529998779296875,,72.9800033569336,61.529998779296875,,70.6500015258789,61.529998779296875,,71.11000061035156,0.0,,14597134
2024-02-02,65.48999786376953,,71.61000061035156,65.48999786376953,,71.61000061035156,65.48999786376953,,72.72000122070312,65.48999786376953,,70.91999816894531,65.48999786376953,,72.44999694824219,0.0,,20496530
2024-02-06,64.62000274658203,,73.0,64.62000274658203,,73.0,64.62000274658203,,73.5,64.62000274658203,,71.20999908447266,64.62000274658203,,71.9800033569336,0.0,,23562281
2024-02-07,65.98999786376953,,71.68000030517578,65.98999786376953,,71.68000030517578,65.98999786376953,,72.7699966430664,65.98999786376953,,71.30999755859375,65.98999786376953,,72.70999908447266,0.0,,17507728
2024-02-08,66.12000274658203,,71.43000030517578,66.12000274658203,,71.43000030517578,66.12000274658203,,72.19000244140625,66.12000274658203,,70.91000366210938,66.12000274658203,,71.51000213623047,0.0,,22232437
2024-02-09,66.76000213623047,,72.05000305175781,66.76000213623047,,72.05000305175781,66.76000213623047,,73.16000366210938,66.76000213623047,,71.48999786376953,66.76000213623047,,72.0,0.0,,11096549
2024-02-12,66.55000305175781,,71.1500015258789,66.55000305175781,,71.1500015258789,66.55000305175781,,72.23999786376953,66.55000305175781,,70.91000366210938,66.55000305175781,,72.08999633789062,0.0,,11998799
2024-02-13,66.3499984741211,,70.62000274658203,66.3499984741211,,70.62000274658203,66.3499984741211,,71.27999877929688,66.3499984741211,,69.91000366210938,66.3499984741211,,71.11000061035156,0.0,,14765634
2024-02-14,,,70.8499984741211,,,70.8499984741211,,,71.48999786376953,,,70.20999908447266,,,70.6500015258789,,,20523628
2024-02-15,67.22000122070312,,68.69999694824219,67.22000122070312,,68.69999694824219,67.22000122070312,,70.37000274658203,67.22000122070312,,67.83000183105469,67.22000122070312,,70.30999755859375,0.0,,17639419
2024-02-16,66.4800033569336,,68.0,66.4800033569336,,68.0,66.4800033569336,,69.02999877929688,66.4800033569336,,67.66000366210938,66.4800033569336,,68.72000122070312,0.0,,10672098
2024-02-19,66.41999816894531,,68.05999755859375,66.41999816894531,,68.05999755859375,66.41999816894531,,68.5999984741211,66.41999816894531,,67.62000274658203,66.41999816894531,,68.30000305175781,0.0,,2706460
2024-02-20,65.13999938964844,,68.80999755859375,65.13999938964844,,68.80999755859375,65.13999938964844,,69.29000091552734,65.13999938964844,,68.01000213623047,65.13999938964844,,68.01000213623047,0.0,,22147091
2024-02-21,64.5999984741211,,68.79000091552734,64.5999984741211,,68.79000091552734,64.5999984741211,,69.23999786376953,64.5999984741211,,68.5199966430664,64.5999984741211,,69.0,0.0,,17165443
2024-02-22,69.1500015258789,,68.7300033569336,69.1500015258789,,68.7300033569336,69.1500015258789,,69.23999786376953,69.1500015258789,,68.11000061035156,69.1500015258789,,68.61000061035156,0.0,,17451233
2024-02-23,68.95999908447266,,69.5,68.95999908447266,,69.5,68.95999908447266,,69.7699966430664,68.95999908447266,,68.63999938964844,68.95999908447266,,69.05999755859375,0.0,,11254820
2024-02-26,68.66999816894531,,69.04000091552734,68.66999816894531,,69.04000091552734,68.66999816894531,,69.5999984741211,68.66999816894531,,68.51000213623047,68.66999816894531,,69.5999984741211,0.0,,16097519
2024-02-27,68.8499984741211,,67.81999969482422,68.8499984741211,,67.81999969482422,68.8499984741211,,69.08999633789062,68.8499984741211,,67.77999877929688,68.8499984741211,,69.08999633789062,0.0,,32116685
2024-02-28,68.5199966430664,,67.73999786376953,68.5199966430664,,67.73999786376953,68.5199966430664,,68.44000244140625,68.5199966430664,,67.5,68.5199966430664,,67.91999816894531,0.0,,25843686
2024-02-29,69.52999877929688,,68.08000183105469,69.52999877929688,,68.08000183105469,69.52999877929688,,68.80000305175781,69.52999877929688,,67.9000015258789,69.52999877929688,,67.98999786376953,0.0,,39799758
2024-03-01,71.08999633789062,,67.56999969482422,71.08999633789062,,67.56999969482422,71.08999633789062,,68.54000091552734,71.08999633789062,,67.38999938964844,71.08999633789062,,67.9000015258789,0.0,,11950195
2024-03-04,71.25,,67.23999786376953,71.25,,67.23999786376953,71.25,,68.44000244140625,71.25,,67.08000183105469,71.25,,67.7699966430664,0.0,,13233680
2024-03-05,70.51000213623047,,66.79000091552734,70.51000213623047,,66.79000091552734,70.51000213623047,,67.88999938964844,70.51000213623047,,66.33000183105469,70.51000213623047,,67.25,0.0,,15052669
2024-03-06,71.29000091552734,,66.75,71.29000091552734,,66.75,71.29000091552734,,67.66999816894531,71.29000091552734,,66.70999908447266,71.29000091552734,,67.08999633789062,0.0,,14592921
2024-03-07,73.08999633789062,,66.8499984741211,73.08999633789062,,66.8499984741211,73.08999633789062,,67.3499984741211,73.08999633789062,,66.41000366210938,73.08999633789062,,66.9000015258789,0.0,,17627852
2024-03-08,71.19999694824219,,67.12000274658203,71.19999694824219,,67.12000274658203,71.19999694824219,,67.63999938964844,71.19999694824219,,66.69999694824219,71.19999694824219,,66.69999694824219,0.0,,10341040
2024-03-11,69.81999969482422,,66.72000122070312,69.81999969482422,,66.72000122070312,69.81999969482422,,67.48999786376953,69.81999969482422,,66.5,69.81999969482422,,67.48999786376953,0.0,,12086963
2024-03-12,72.58999633789062,,67.08000183105469,72.58999633789062,,67.08000183105469,72.58999633789062,,67.68000030517578,72.58999633789062,,66.72000122070312,72.58999633789062,,66.72000122070312,0.0,,18228468
2024-03-13,71.37999725341797,,67.41000366210938,71.37999725341797,,67.41000366210938,71.37999725341797,,67.41000366210938,71.37999725341797,,66.73999786376953,71.37999725341797,,67.4000015258789,0.0,,15900391
2024-03-14,70.7699966430664,,67.16999816894531,70.7699966430664,,67.16999816894531,70.7699966430664,,67.83999633789062,70.7699966430664,,67.11000061035156,70.7699966430664,,67.12000274658203,0.0,,14080857
2024-03-15,70.37999725341797,,66.48999786376953,70.37999725341797,,66.48999786376953,70.37999725341797,,67.63999938964844,70.37999725341797,,66.30999755859375,70.37999725341797,,67.5,0.0,,48663809
2024-03-19,71.70999908447266,,65.5,71.70999908447266,,65.5,71.70999908447266,,66.80000305175781,71.70999908447266,,65.33000183105469,71.70999908447266,,66.30999755859375,0.0,,16205014
2024-03-20,71.83999633789062,,67.9800033569336,71.83999633789062,,67.9800033569336,71.83999633789062,,68.25,71.83999633789062,,65.5199966430664,71.83999633789062,,65.5199966430664,0.0,,12211199
2024-03-21,72.19999694824219,,67.58999633789062,72.19999694824219,,67.58999633789062,72.19999694824219,,67.98999786376953,72.19999694824219,,67.30000305175781,72.19999694824219,,67.9800033569336,0.0,,14400598
2024-03-22,72.81999969482422,,66.93000030517578,72.81999969482422,,66.93000030517578,72.81999969482422,,68.05000305175781,72.81999969482422,,66.83000183105469,72.81999969482422,,67.79000091552734,0.0,,13751697
2024-03-25,72.0999984741211,,67.01000213623047,72.0999984741211,,67.01000213623047,72.0999984741211,,67.62000274658203,72.0999984741211,,66.63999938964844,72.0999984741211,,66.98999786376953,0.0,,6348033
2024-03-26,71.30000305175781,,67.12000274658203,71.30000305175781,,67.12000274658203,71.30000305175781,,67.30000305175781,71.30000305175781,,66.0,71.30000305175781,,67.0,0.0,,8697245
2024-03-27,70.52999877929688,,67.19999694824219,70.52999877929688,,67.19999694824219,70.52999877929688,,68.08999633789062,70.52999877929688,,66.87999725341797,70.52999877929688,,66.95999908447266,0.0,,11305284
2024-04-01,71.08000183105469,,66.0199966430664,71.08000183105469,,66.0199966430664,71.08000183105469,,67.33999633789062,71.08000183105469,,65.61000061035156,71.08000183105469,,67.33999633789062,0.0,,15695679
2024-04-02,70.52999877929688,,66.20999908447266,70.52999877929688,,66.20999908447266,70.52999877929688,,66.76000213623047,70.52999877929688,,65.41000366210938,70.52999877929688,,66.19999694824219,0.0,,14022275
2024-04-03,70.93000030517578,,66.58000183105469,70.93000030517578,,66.58000183105469,70.93000030517578,,67.66999816894531,70.93000030517578,,65.70999908447266,70.93000030517578,,66.22000122070312,0.0,,12346591
2024-04-04,69.76000213623047,,65.01000213623047,69.76000213623047,,65.01000213623047,69.76000213623047,,66.69000244140625,69.76000213623047,,64.95999908447266,69.76000213623047,,66.68000030517578,0.0,,12262859
2024-04-05,70.68000030517578,,66.62000274658203,70.68000030517578,,66.62000274658203,70.68000030517578,,66.94999694824219,70.68000030517578,,64.70999908447266,70.68000030517578,,65.02999877929688,0.0,,18417319
2024-04-08,69.7699966430664,,66.0,69.7699966430664,,66.0,69.7699966430664,,66.66999816894531,69.7699966430664,,65.41000366210938,69.7699966430664,,66.61000061035156,0.0,,9719657
2024-04-09,69.75,,65.76000213623047,69.75,,65.76000213623047,69.75,,66.27999877929688,69.75,,65.55999755859375,69.75,,66.0,0.0,,11196796
2024-04-10,69.8499984741211,,65.16999816894531,69.8499984741211,,65.16999816894531,69.8499984741211,,65.83999633789062,69.8499984741211,,64.30999755859375,69.8499984741211,,65.76000213623047,0.0,,14785989
2024-04-11,71.16999816894531,,65.87999725341797,71.16999816894531,,65.87999725341797,71.16999816894531,,66.04000091552734,71.16999816894531,,64.58999633789062,71.16999816894531,,65.19000244140625,0.0,,12867625
2024-04-12,70.80000305175781,,64.91000366210938,70.80000305175781,,64.91000366210938,70.80000305175781,,65.86000061035156,70.80000305175781,,64.56999969482422,70.80000305175781,,65.86000061035156,0.0,,9928966
2024-04-15,69.68000030517578,,65.36000061035156,69.68000030517578,,65.36000061035156,69.68000030517578,,65.9800033569336,69.68000030517578,,64.30999755859375,69.68000030517578,,64.69999694824219,0.0,,12808427
2024-04-16,71.37999725341797,,63.400001525878906,71.37999725341797,,63.400001525878906,71.37999725341797,,65.68000030517578,71.37999725341797,,63.400001525878906,71.37999725341797,,65.43000030517578,0.0,,17751615
2024-04-17,69.79000091552734,,63.619998931884766,69.79000091552734,,63.619998931884766,69.79000091552734,,64.2699966430664,69.79000091552734,,63.02000045776367,69.79000091552734,,63.47999954223633,0.0,,25287975
2024-04-18,70.08999633789062,,63.189998626708984,70.08999633789062,,63.189998626708984,70.08999633789062,,63.9900016784668,70.08999633789062,,62.72999954223633,70.08999633789062,,63.619998931884766,0.0,,21323891
2024-04-19,67.19999694824219,,64.27999877929688,67.19999694824219,,64.27999877929688,67.19999694824219,,64.5,67.19999694824219,,63.040000915527344,67.19999694824219,,63.93000030517578,0.0,,10005115
2024-04-22,68.19999694824219,,64.08999633789062,68.19999694824219,,64.08999633789062,68.19999694824219,,64.8499984741211,68.19999694824219,,63.61000061035156,68.19999694824219,,64.41999816894531,0.0,,10642610
2024-04-23,69.05000305175781,,65.02999877929688,69.05000305175781,,65.02999877929688,69.05000305175781,,65.43000030517578,69.05000305175781,,63.90999984741211,69.05000305175781,,64.33999633789062,0.0,,15439905
2024-04-24,68.87999725341797,,65.91999816894531,68.87999725341797,,65.91999816894531,68.87999725341797,,66.77999877929688,68.87999725341797,,64.91000366210938,68.87999725341797,,65.20999908447266,0.0,,16669659
2024-04-25,68.18000030517578,,67.66999816894531,68.18000030517578,,67.66999816894531,68.18000030517578,,68.25,68.18000030517578,,66.25,68.18000030517578,,66.5199966430664,0.0,,31979030
2024-04-26,69.7300033569336,,66.6500015258789,69.7300033569336,,66.6500015258789,69.7300033569336,,67.83999633789062,69.7300033569336,,66.25,69.7300033569336,,67.31999969482422,0.0,,12269742
2024-04-29,68.83000183105469,,66.9800033569336,68.83000183105469,,66.9800033569336,68.83000183105469,,67.04000091552734,68.83000183105469,,66.11000061035156,68.83000183105469,,66.83999633789062,0.0,,15585572
2024-04-30,68.11000061035156,,63.849998474121094,68.11000061035156,,63.849998474121094,68.11000061035156,,67.68000030517578,68.11000061035156,,63.849998474121094,68.11000061035156,,66.88999938964844,0.0,,27162419
2024-05-02,68.1500015258789,,63.310001373291016,68.1500015258789,,63.310001373291016,68.1500015258789,,64.37000274658203,68.1500015258789,,63.25,68.1500015258789,,64.37000274658203,0.0,,27230978
2024-05-03,69.56999969482422,,64.23999786376953,69.56999969482422,,64.23999786376953,69.56999969482422,,64.55000305175781,69.56999969482422,,63.36000061035156,69.56999969482422,,63.4900016784668,0.0,,12095707
2024-05-06,70.80000305175781,,65.73999786376953,70.80000305175781,,65.73999786376953,70.80000305175781,,65.8499984741211,70.80000305175781,,63.779998779296875,70.80000305175781,,64.58999633789062,0.0,,17157672
2024-05-07,70.79000091552734,,65.51000213623047,70.79000091552734,,65.51000213623047,70.79000091552734,,65.8499984741211,70.79000091552734,,64.80999755859375,70.79000091552734,,65.8499984741211,0.0,,27626193
2024-05-08,70.83999633789062,,66.4800033569336,70.83999633789062,,66.4800033569336,70.83999633789062,,66.7699966430664,70.83999633789062,,65.11000061035156,70.83999633789062,,65.23999786376953,0.0,,35848812
2024-05-09,70.2699966430664,,68.5199966430664,70.2699966430664,,68.5199966430664,70.2699966430664,,68.56999969482422,70.2699966430664,,65.11000061035156,70.2699966430664,,65.23999786376953,0.0,,30775481
2024-05-10,70.44000244140625,,69.06999969482422,70.44000244140625,,69.06999969482422,70.44000244140625,,69.19999694824219,70.44000244140625,,68.11000061035156,70.44000244140625,,68.11000061035156,0.0,,19754195
2024-05-13,70.45999908447266,,68.38999938964844,70.45999908447266,,68.38999938964844,70.45999908447266,,69.44999694824219,70.45999908447266,,68.08999633789062,70.45999908447266,,69.13999938964844,0.0,,14583702
2024-05-14,71.18000030517578,,67.12999725341797,71.18000030517578,,67.12999725341797,71.18000030517578,,68.73999786376953,71.18000030517578,,66.58999633789062,71.18000030517578,,68.73999786376953,0.0,,14760832
2024-05-15,71.91000366210938,,67.93000030517578,71.91000366210938,,67.93000030517578,71.91000366210938,,68.94000244140625,71.91000366210938,,66.80999755859375,71.91000366210938,,67.05000305175781,0.0,,11500471
2024-05-16,71.62999725341797,,68.30000305175781,71.62999725341797,,68.30000305175781,71.62999725341797,,68.80000305175781,71.62999725341797,,67.30999755859375,71.62999725341797,,67.61000061035156,0.0,,14951215
2024-05-17,71.20999908447266,,67.98999786376953,71.20999908447266,,67.98999786376953,71.20999908447266,,68.04000091552734,71.20999908447266,,67.12000274658203,71.20999908447266,,67.81999969482422,0.0,,6770407
2024-05-20,71.6500015258789,,68.23999786376953,71.6500015258789,,68.23999786376953,71.6500015258789,,68.27999877929688,71.6500015258789,,67.5199966430664,71.6500015258789,,68.0,0.0,,20053651
2024-05-21,72.11000061035156,,66.95999908447266,72.11000061035156,,66.95999908447266,72.11000061035156,,67.87999725341797,72.11000061035156,,66.61000061035156,72.11000061035156,,67.5999984741211,0.0,,11037944
2024-05-22,72.22000122070312,,66.6500015258789,72.22000122070312,,66.6500015258789,72.22000122070312,,66.91000366210938,72.22000122070312,,65.26000213623047,72.22000122070312,,66.77999877929688,0.0,,20095554
2024-05-23,73.25,,66.41999816894531,73.25,,66.41999816894531,73.25,,67.23999786376953,73.25,,65.98999786376953,73.25,,66.36000061035156,0.0,,9669740
2024-05-24,74.36000061035156,,65.19999694824219,74.36000061035156,,65.19999694824219,74.36000061035156,,66.01000213623047,74.36000061035156,,63.849998474121094,74.36000061035156,,66.01000213623047,0.0,,15953814
2024-05-27,74.2300033569336,,65.0199966430664,74.2300033569336,,65.0199966430664,74.2300033569336,,65.2300033569336,74.2300033569336,,64.91000366210938,74.2300033569336,,65.2300033569336,0.0,,1062384
2024-05-28,76.37000274658203,,64.44999694824219,76.37000274658203,,64.44999694824219,76.37000274658203,,65.5,76.37000274658203,,64.05999755859375,76.37000274658203,,65.0,0.0,,15255760
2024-05-29,76.69999694824219,,63.81999969482422,76.69999694824219,,63.81999969482422,76.69999694824219,,64.79000091552734,76.69999694824219,,63.40999984741211,76.69999694824219,,64.79000091552734,0.0,,20600557
2024-05-30,75.37999725341797,,63.59000015258789,75.37999725341797,,63.59000015258789,75.37999725341797,,64.18000030517578,75.37999725341797,,63.5,75.37999725341797,,63.650001525878906,0.0,,27543971
2024-05-31,75.05999755859375,,63.75,75.05999755859375,,63.75,75.05999755859375,,64.63999938964844,75.05999755859375,,63.11000061035156,75.05999755859375,,63.31999969482422,0.0,,50215927
2024-06-03,79.5,,60.06999969482422,79.5,,60.06999969482422,79.5,,63.9900016784668,79.5,,59.36000061035156,79.5,,63.310001373291016,0.0,,22504351
2024-06-04,,,61.52000045776367,,,61.52000045776367,,,62.38999938964844,,,60.2599983215332,,,60.380001068115234,,,28612957
2024-06-05,81.33000183105469,,62.75,81.33000183105469,,62.75,81.33000183105469,,63.27000045776367,81.33000183105469,,61.060001373291016,81.33000183105469,,61.54999923706055,0.0,,28782822
2024-06-06,82.75,,63.40999984741211,82.75,,63.40999984741211,82.75,,64.19000244140625,82.75,,62.599998474121094,82.75,,62.689998626708984,0.0,,24721104
2024-06-07,84.95999908447266,,62.38999938964844,84.95999908447266,,62.38999938964844,84.95999908447266,,64.0,84.95999908447266,,61.81999969482422,84.95999908447266,,63.54999923706055,0.0,,29365721
2024-06-10,84.88999938964844,,62.459999084472656,84.88999938964844,,62.459999084472656,84.88999938964844,,62.7599983215332,84.88999938964844,,61.939998626708984,84.88999938964844,,62.54999923706055,0.0,,17294833
2024-06-11,86.55999755859375,,62.189998626708984,86.55999755859375,,62.189998626708984,86.55999755859375,,62.97999954223633,86.55999755859375,,61.77000045776367,86.55999755859375,,62.5,0.0,,41540942
2024-06-12,89.16999816894531,,61.0,89.16999816894531,,61.0,89.16999816894531,,62.88999938964844,89.16999816894531,,60.84000015258789,89.16999816894531,,62.220001220703125,0.0,,27065990
2024-06-13,88.33000183105469,,60.959999084472656,88.33000183105469,,60.959999084472656,88.33000183105469,,62.099998474121094,88.33000183105469,,60.63999938964844,88.33000183105469,,61.13999938964844,0.0,,25631348
2024-06-14,88.7300033569336,,60.779998779296875,88.7300033569336,,60.779998779296875,88.7300033569336,,61.20000076293945,88.7300033569336,,59.439998626708984,88.7300033569336,,60.970001220703125,0.0,,24382312
2024-06-17,89.48999786376953,,61.2599983215332,89.48999786376953,,61.2599983215332,89.48999786376953,,61.380001068115234,89.48999786376953,,59.810001373291016,89.48999786376953,,60.88999938964844,0.0,,21096626
2024-06-18,89.37000274658203,,62.25,89.37000274658203,,62.25,89.37000274658203,,62.63999938964844,89.37000274658203,,60.709999084472656,89.37000274658203,,60.7599983215332,0.0,,18537010
2024-06-19,89.55999755859375,,62.58000183105469,89.55999755859375,,62.58000183105469,89.55999755859375,,62.59000015258789,89.55999755859375,,61.9900016784668,89.55999755859375,,62.22999954223633,0.0,,2504849
2024-06-20,88.52999877929688,,62.310001373291016,88.52999877929688,,62.310001373291016,88.52999877929688,,62.540000915527344,88.52999877929688,,61.349998474121094,88.52999877929688,,62.29999923706055,0.0,,17612571
2024-06-21,86.4800033569336,,62.06999969482422,86.4800033569336,,62.06999969482422,86.4800033569336,,62.84000015258789,86.4800033569336,,61.459999084472656,86.4800033569336,,62.279998779296875,0.0,,82513975
2024-06-24,83.91999816894531,,60.65999984741211,83.91999816894531,,60.65999984741211,83.91999816894531,,62.400001525878906,83.91999816894531,,60.349998474121094,83.91999816894531,,61.529998779296875,0.0,,14612810
2024-06-25,86.33999633789062,,62.83000183105469,86.33999633789062,,62.83000183105469,86.33999633789062,,62.83000183105469,86.33999633789062,,60.11000061035156,86.33999633789062,,60.720001220703125,0.0,,26989682
2024-06-26,87.8499984741211,,62.09000015258789,87.8499984741211,,62.09000015258789,87.8499984741211,,62.779998779296875,87.8499984741211,,61.119998931884766,87.8499984741211,,62.29999923706055,0.0,,29297781
2024-06-27,88.08000183105469,,62.04999923706055,88.08000183105469,,62.04999923706055,88.08000183105469,,62.25,88.08000183105469,,61.5,88.08000183105469,,61.9900016784668,0.0,,24832393
2024-06-28,86.63999938964844,,62.4900016784668,86.63999938964844,,62.4900016784668,86.63999938964844,,62.939998626708984,86.63999938964844,,61.880001068115234,86.63999938964844,,62.47999954223633,0.0,,16473690
2024-07-01,87.37999725341797,,62.72999954223633,87.37999725341797,,62.72999954223633,87.37999725341797,,62.88999938964844,87.37999725341797,,62.02000045776367,87.37999725341797,,62.4900016784668,0.0,,24792669
2024-07-02,87.63999938964844,,61.70000076293945,87.63999938964844,,61.70000076293945,87.63999938964844,,62.84000015258789,87.63999938964844,,60.79999923706055,87.63999938964844,,62.310001373291016,0.0,,16290611
2024-07-03,88.19999694824219,,61.560001373291016,88.19999694824219,,61.560001373291016,88.19999694824219,,63.09000015258789,88.19999694824219,,61.36000061035156,88.19999694824219,,61.70000076293945,0.0,,11318006
2024-07-04,87.72000122070312,,61.54999923706055,87.72000122070312,,61.54999923706055,87.72000122070312,,61.70000076293945,87.72000122070312,,61.040000915527344,87.72000122070312,,61.70000076293945,0.0,,1281188
2024-07-05,88.94999694824219,,61.619998931884766,88.94999694824219,,61.619998931884766,88.94999694824219,,61.72999954223633,88.94999694824219,,61.119998931884766,88.94999694824219,,61.459999084472656,0.0,,17725263
2024-07-08,88.68000030517578,,61.83000183105469,88.68000030517578,,61.83000183105469,88.68000030517578,,62.09000015258789,88.68000030517578,,61.209999084472656,88.68000030517578,,61.369998931884766,0.0,,15076736
2024-07-09,88.45999908447266,,64.05999755859375,88.45999908447266,,64.05999755859375,88.45999908447266,,64.08000183105469,88.45999908447266,,61.61000061035156,88.45999908447266,,61.61000061035156,0.0,,24384664
2024-07-10,88.86000061035156,,64.38999938964844,88.86000061035156,,64.38999938964844,88.86000061035156,,65.01000213623047,88.86000061035156,,63.900001525878906,88.86000061035156,,64.43000030517578,0.0,,22740466
2024-07-11,86.04000091552734,,65.41000366210938,86.04000091552734,,65.41000366210938,86.04000091552734,,65.76000213623047,86.04000091552734,,64.01000213623047,86.04000091552734,,64.69999694824219,0.0,,15716862
2024-07-12,85.30999755859375,,68.02999877929688,85.30999755859375,,68.02999877929688,85.30999755859375,,68.73999786376953,85.30999755859375,,65.20999908447266,85.30999755859375,,65.20999908447266,0.0,,20412780
2024-07-15,86.05999755859375,,67.19999694824219,86.05999755859375,,67.19999694824219,86.05999755859375,,68.27999877929688,86.05999755859375,,66.91000366210938,86.05999755859375,,67.61000061035156,0.0,,16868438
2024-07-16,84.86000061035156,,65.81999969482422,84.86000061035156,,65.81999969482422,84.86000061035156,,67.95999908447266,84.86000061035156,,65.33000183105469,84.86000061035156,,67.4000015258789,0.0,,26674120
2024-07-17,81.80999755859375,,64.77999877929688,81.80999755859375,,64.77999877929688,81.80999755859375,,65.88999938964844,81.80999755859375,,63.86000061035156,81.80999755859375,,65.20999908447266,0.0,,20466470
2024-07-18,82.95999908447266,,63.5099983215332,82.95999908447266,,63.5099983215332,82.95999908447266,,65.29000091552734,82.95999908447266,,63.11000061035156,82.95999908447266,,64.9800033569336,0.0,,23476355
2024-07-19,82.38999938964844,,63.650001525878906,82.38999938964844,,63.650001525878906,82.38999938964844,,64.08999633789062,82.38999938964844,,63.400001525878906,82.38999938964844,,63.599998474121094,0.0,,8995694
2024-07-22,83.58000183105469,,63.560001373291016,83.58000183105469,,63.560001373291016,83.58000183105469,,64.1500015258789,83.58000183105469,,63.119998931884766,83.58000183105469,,64.0999984741211,0.0,,28562762
2024-07-23,84.62000274658203,,63.5,84.62000274658203,,63.5,84.62000274658203,,63.630001068115234,84.62000274658203,,62.720001220703125,84.62000274658203,,63.209999084472656,0.0,,27461846
2024-07-24,81.66000366210938,,62.7599983215332,81.66000366210938,,62.7599983215332,81.66000366210938,,63.599998474121094,81.66000366210938,,62.41999816894531,81.66000366210938,,63.060001373291016,0.0,,21960301
2024-07-25,80.69000244140625,,63.0,80.69000244140625,,63.0,80.69000244140625,,63.029998779296875,80.69000244140625,,61.650001525878906,80.69000244140625,,62.70000076293945,0.0,,38470550
2024-07-26,81.61000061035156,,61.25,81.61000061035156,,61.25,81.61000061035156,,63.099998474121094,81.61000061035156,,61.220001220703125,81.61000061035156,,62.83000183105469,0.0,,39129781
2024-07-29,82.29000091552734,,62.02000045776367,82.29000091552734,,62.02000045776367,82.29000091552734,,62.70000076293945,82.29000091552734,,61.349998474121094,82.29000091552734,,61.5,0.0,,38324138
2024-07-30,81.19999694824219,,61.68000030517578,81.19999694824219,,61.68000030517578,81.19999694824219,,62.7400016784668,81.19999694824219,,61.47999954223633,81.19999694824219,,62.439998626708984,0.0,,14492531
2024-07-31,84.16000366210938,,62.0,84.16000366210938,,62.0,84.16000366210938,,62.189998626708984,84.16000366210938,,61.400001525878906,84.16000366210938,,61.650001525878906,0.0,,35126269
2024-08-01,82.87000274658203,,60.7400016784668,82.87000274658203,,60.7400016784668,82.87000274658203,,62.0,82.87000274658203,,60.5099983215332,82.87000274658203,,62.0,0.0,,22565260
2024-08-02,82.45999908447266,,60.20000076293945,82.45999908447266,,60.20000076293945,82.45999908447266,,60.970001220703125,82.45999908447266,,59.75,82.45999908447266,,60.959999084472656,0.0,,27310429
2024-08-05,80.47000122070312,,59.29999923706055,80.47000122070312,,59.29999923706055,80.47000122070312,,60.540000915527344,80.47000122070312,,58.689998626708984,80.47000122070312,,59.939998626708984,0.0,,24105140
2024-08-06,82.08000183105469,,60.84000015258789,82.08000183105469,,60.84000015258789,82.08000183105469,,61.18000030517578,82.08000183105469,,59.25,82.08000183105469,,59.68000030517578,0.0,,21513894
2024-08-07,80.11000061035156,,60.84000015258789,80.11000061035156,,60.84000015258789,80.11000061035156,,61.439998626708984,80.11000061035156,,60.54999923706055,80.11000061035156,,60.849998474121094,0.0,,23687794
2024-08-08,81.48999786376953,,61.79999923706055,81.48999786376953,,61.79999923706055,81.48999786376953,,62.0,81.48999786376953,,60.709999084472656,81.48999786376953,,61.0,0.0,,20694953
2024-08-09,81.29000091552734,,62.33000183105469,81.29000091552734,,62.33000183105469,81.29000091552734,,62.439998626708984,81.29000091552734,,61.52000045776367,81.29000091552734,,61.779998779296875,0.0,,16088206
2024-08-12,82.94000244140625,,62.61000061035156,82.94000244140625,,62.61000061035156,82.94000244140625,,62.93000030517578,82.94000244140625,,62.02000045776367,82.94000244140625,,62.02000045776367,0.0,,17497062
2024-08-13,85.0199966430664,,63.5099983215332,85.0199966430664,,63.5099983215332,85.0199966430664,,63.54999923706055,85.0199966430664,,62.709999084472656,85.0199966430664,,62.900001525878906,0.0,,20268000
2024-08-14,84.48999786376953,,62.61000061035156,84.48999786376953,,62.61000061035156,84.48999786376953,,63.59000015258789,84.48999786376953,,62.369998931884766,84.48999786376953,,63.5099983215332,0.0,,20013747
2024-08-15,85.77999877929688,,63.130001068115234,85.77999877929688,,63.130001068115234,85.77999877929688,,63.34000015258789,85.77999877929688,,62.15999984741211,85.77999877929688,,62.310001373291016,0.0,,23523366
2024-08-16,85.94999694824219,,63.119998931884766,85.94999694824219,,63.119998931884766,85.94999694824219,,63.43000030517578,85.94999694824219,,62.90999984741211,85.94999694824219,,63.150001525878906,0.0,,19118621
2024-08-19,87.80000305175781,,62.900001525878906,87.80000305175781,,62.900001525878906,87.80000305175781,,63.59000015258789,87.80000305175781,,62.599998474121094,87.80000305175781,,63.099998474121094,0.0,,14476058
2024-08-20,89.08000183105469,,62.66999816894531,89.08000183105469,,62.66999816894531,89.08000183105469,,63.290000915527344,89.08000183105469,,61.5099983215332,89.08000183105469,,62.88999938964844,0.0,,27436187
2024-08-21,91.05000305175781,,64.06999969482422,91.05000305175781,,64.06999969482422,91.05000305175781,,64.25,91.05000305175781,,62.5,91.05000305175781,,62.599998474121094,0.0,,21434229
2024-08-22,90.04000091552734,,63.20000076293945,90.04000091552734,,63.20000076293945,90.04000091552734,,64.30000305175781,90.04000091552734,,62.83000183105469,90.04000091552734,,64.01000213623047,0.0,,21731157
2024-08-23,89.30999755859375,,63.2599983215332,89.30999755859375,,63.2599983215332,89.30999755859375,,63.459999084472656,89.30999755859375,,62.869998931884766,89.30999755859375,,62.869998931884766,0.0,,11828533
2024-08-26,89.7300033569336,,62.79999923706055,89.7300033569336,,62.79999923706055,89.7300033569336,,63.810001373291016,89.7300033569336,,62.130001068115234,89.7300033569336,,63.060001373291016,0.0,,20690000
2024-08-27,91.6500015258789,,62.52000045776367,91.6500015258789,,62.52000045776367,91.6500015258789,,63.9900016784668,91.6500015258789,,61.900001525878906,91.6500015258789,,62.79999923706055,0.0,,29209764
2024-08-28,90.16000366210938,,61.54999923706055,90.16000366210938,,61.54999923706055,90.16000366210938,,62.900001525878906,90.16000366210938,,61.189998626708984,90.16000366210938,,62.33000183105469,0.0,,27481100
2024-08-29,90.12999725341797,,62.650001525878906,90.12999725341797,,62.650001525878906,90.12999725341797,,62.849998474121094,90.12999725341797,,61.45000076293945,90.12999725341797,,61.720001220703125,0.0,,19403285
2024-08-30,90.88999938964844,,62.68000030517578,90.88999938964844,,62.68000030517578,90.88999938964844,,63.220001220703125,90.88999938964844,,62.16999816894531,90.88999938964844,,62.220001220703125,0.0,,56317179
2024-09-02,91.44000244140625,,63.25,91.44000244140625,,63.25,91.44000244140625,,63.5,91.44000244140625,,62.220001220703125,91.44000244140625,,62.779998779296875,0.0,,1878287
2024-09-03,87.93000030517578,,61.88999938964844,87.93000030517578,,61.88999938964844,87.93000030517578,,63.4900016784668,87.93000030517578,,61.0099983215332,87.93000030517578,,63.4900016784668,0.0,,14169938
2024-09-04,88.1500015258789,,60.790000915527344,88.1500015258789,,60.790000915527344,88.1500015258789,,62.34000015258789,88.1500015258789,,60.36000061035156,88.1500015258789,,61.849998474121094,0.0,,16292165
2024-09-05,88.56999969482422,,59.95000076293945,88.56999969482422,,59.95000076293945,88.56999969482422,,60.849998474121094,88.56999969482422,,59.61000061035156,88.56999969482422,,60.81999969482422,0.0,,22422831
2024-09-06,86.33000183105469,,59.61000061035156,86.33000183105469,,59.61000061035156,86.33000183105469,,60.36000061035156,86.33000183105469,,59.290000915527344,86.33000183105469,,60.189998626708984,0.0,,18605145
2024-09-09,87.29000091552734,,60.779998779296875,87.29000091552734,,60.779998779296875,87.29000091552734,,61.25,87.29000091552734,,59.79999923706055,87.29000091552734,,59.880001068115234,0.0,,27584367
2024-09-10,,,60.119998931884766,,,60.119998931884766,,,60.939998626708984,,,59.560001373291016,,,60.939998626708984,,,20186106
2024-09-11,90.70999908447266,,61.0,90.70999908447266,,61.0,90.70999908447266,,62.27000045776367,90.70999908447266,,59.95000076293945,90.70999908447266,,60.04999923706055,0.0,,27186093
2024-09-12,90.45999908447266,,61.31999969482422,90.45999908447266,,61.31999969482422,90.45999908447266,,61.88999938964844,90.45999908447266,,61.0,90.45999908447266,,61.15999984741211,0.0,,15128216
2024-09-13,89.68000030517578,,60.790000915527344,89.68000030517578,,60.790000915527344,89.68000030517578,,61.59000015258789,89.68000030517578,,60.34000015258789,89.68000030517578,,61.08000183105469,0.0,,16166275
2024-09-17,89.58000183105469,,61.95000076293945,89.58000183105469,,61.95000076293945,89.58000183105469,,62.86000061035156,89.58000183105469,,60.119998931884766,89.58000183105469,,60.150001525878906,0.0,,24573661
2024-09-18,89.45999908447266,,61.099998474121094,89.45999908447266,,61.099998474121094,89.45999908447266,,62.34000015258789,89.45999908447266,,60.5099983215332,89.45999908447266,,62.02000045776367,0.0,,9897249
2024-09-19,91.80000305175781,,61.119998931884766,91.80000305175781,,61.119998931884766,91.80000305175781,,61.70000076293945,91.80000305175781,,60.900001525878906,91.80000305175781,,61.380001068115234,0.0,,12662939
2024-09-20,91.91000366210938,,60.79999923706055,91.91000366210938,,60.79999923706055,91.91000366210938,,61.40999984741211,91.91000366210938,,60.61000061035156,91.91000366210938,,61.33000183105469,0.0,,35683368
2024-09-23,91.91999816894531,,60.4900016784668,91.91999816894531,,60.4900016784668,91.91999816894531,,60.9900016784668,91.91999816894531,,60.11000061035156,91.91999816894531,,60.97999954223633,0.0,,12173721
2024-09-24,92.11000061035156,,61.790000915527344,92.11000061035156,,61.790000915527344,92.11000061035156,,62.189998626708984,92.11000061035156,,60.68000030517578,92.11000061035156,,60.88999938964844,0.0,,22890349
2024-09-25,93.73999786376953,,60.56999969482422,93.73999786376953,,60.56999969482422,93.73999786376953,,62.20000076293945,93.73999786376953,,60.52000045776367,93.73999786376953,,61.400001525878906,0.0,,23528806
2024-09-26,93.94000244140625,,59.61000061035156,93.94000244140625,,59.61000061035156,93.94000244140625,,61.459999084472656,93.94000244140625,,59.599998474121094,93.94000244140625,,60.9900016784668,0.0,,25936676
2024-09-27,93.5,,58.130001068115234,93.5,,58.130001068115234,93.87000274658203,,59.97999954223633,93.87000274658203,,58.040000915527344,93.87000274658203,,59.79999923706055,733.0,,29487695
